watch_id,user_id,content_id,watch_date,minutes_watched
1,1,16,2023-03-22,25
2,1,41,2024-05-02,98
3,1,36,2024-02-12,123
4,1,29,2024-09-09,37
5,1,4,2023-06-08,169
6,1,28,2024-06-09,97
7,1,42,2023-11-01,18
8,1,39,2023-12-25,30
9,2,34,2024-11-09,162
10,2,2,2023-10-24,109
11,2,9,2023-02-22,117
12,2,38,2024-07-24,80
13,2,46,2024-11-25,70
14,2,44,2023-02-12,102
15,2,14,2023-08-23,118
16,2,22,2023-08-03,11
17,2,33,2023-05-23,28
18,2,37,2023-01-29,148
19,2,39,2024-06-15,59
20,2,42,2024-03-03,36
21,2,15,2024-03-04,131
22,2,35,2024-08-25,78
23,2,50,2024-07-08,161
24,2,42,2024-08-18,30
25,2,47,2024-05-02,30
26,3,11,2024-02-23,86
27,3,45,2023-12-02,80
28,3,50,2023-06-07,97
29,3,13,2023-03-07,102
30,3,9,2023-05-14,42
31,3,30,2024-06-22,32
32,3,41,2023-07-13,72
33,3,45,2024-11-09,139
34,3,2,2023-05-29,113
35,3,41,2023-07-05,59
36,3,33,2024-09-06,114
37,3,14,2024-06-07,26
38,3,39,2024-01-29,165
39,3,36,2024-02-09,176
40,3,49,2024-04-07,53
41,3,48,2024-05-15,68
42,3,50,2023-06-19,52
43,3,15,2023-11-13,163
44,3,42,2023-04-05,151
45,4,7,2023-11-07,83
46,4,2,2024-11-27,5
47,4,4,2024-06-10,7
48,4,31,2024-08-23,83
49,4,24,2023-01-31,139
50,4,39,2023-02-18,58
51,4,8,2024-02-20,144
52,4,16,2023-11-13,132
53,4,44,2023-03-17,65
54,5,39,2024-07-11,156
55,5,9,2024-11-15,79
56,5,20,2024-02-17,146
57,5,27,2024-05-30,121
58,5,38,2024-07-26,90
59,5,28,2024-03-03,14
60,5,15,2023-03-10,56
61,5,37,2023-08-16,172
62,5,24,2024-04-30,145
63,5,13,2024-06-06,63
64,5,9,2023-08-22,62
65,5,26,2023-06-28,66
66,5,49,2024-05-29,101
67,5,6,2023-12-30,41
68,5,47,2023-09-02,135
69,5,37,2024-02-08,46
70,5,27,2024-09-07,159
71,5,19,2023-12-28,175
72,5,23,2023-03-08,97
73,5,33,2023-06-03,99
74,6,25,2023-06-04,178
75,6,25,2023-04-25,86
76,6,48,2023-10-31,166
77,6,1,2023-10-14,128
78,6,33,2023-05-29,102
79,6,6,2024-07-15,76
80,6,27,2023-05-07,132
81,6,39,2023-10-14,144
82,6,30,2024-06-02,164
83,6,18,2024-10-16,124
84,6,44,2024-09-27,65
85,6,46,2023-10-31,7
86,7,18,2023-02-22,167
87,7,5,2023-08-24,84
88,7,18,2024-05-08,29
89,7,4,2023-06-10,110
90,7,48,2024-01-19,29
91,7,48,2023-12-04,61
92,7,33,2023-12-02,147
93,8,48,2023-06-19,10
94,8,9,2024-01-17,64
95,8,21,2023-02-27,69
96,8,43,2023-11-20,137
97,8,31,2024-02-20,10
98,8,28,2023-07-10,149
99,8,10,2024-11-03,50
100,8,12,2024-08-08,59
101,8,12,2024-08-28,155
102,8,35,2024-03-30,64
103,8,32,2024-06-25,11
104,8,11,2024-08-05,149
105,8,21,2023-05-07,79
106,8,11,2023-10-10,123
107,8,15,2023-06-25,167
108,8,23,2023-01-28,105
109,8,32,2023-11-12,166
110,8,43,2023-10-30,24
111,8,20,2024-04-11,91
112,8,46,2023-12-22,165
113,9,8,2023-11-18,144
114,9,39,2023-05-24,90
115,9,34,2024-02-20,43
116,9,15,2023-09-06,12
117,9,44,2024-06-24,171
118,9,14,2024-10-17,14
119,9,8,2024-01-19,123
120,9,6,2024-07-02,128
121,9,27,2024-06-30,140
122,9,33,2023-08-12,158
123,9,14,2023-11-25,58
124,9,21,2024-05-15,60
125,9,50,2023-06-19,11
126,9,41,2023-10-07,90
127,9,23,2023-08-19,62
128,9,29,2023-02-10,159
129,9,50,2023-12-08,69
130,9,40,2023-12-10,71
131,9,3,2023-08-28,28
132,9,34,2024-09-22,6
133,10,37,2023-06-08,5
134,10,41,2023-07-24,125
135,10,26,2023-08-16,114
136,10,19,2024-08-06,47
137,10,31,2024-05-23,86
138,10,36,2024-06-07,176
139,11,18,2024-07-12,118
140,11,47,2023-03-12,68
141,11,39,2024-11-10,161
142,11,47,2024-08-22,38
143,11,20,2024-06-26,123
144,11,32,2023-01-30,6
145,11,30,2023-07-12,79
146,11,33,2024-10-04,91
147,11,30,2024-06-14,84
148,11,3,2024-08-22,96
149,11,49,2024-08-30,167
150,11,31,2023-02-07,157
151,11,14,2024-02-01,64
152,11,6,2023-06-07,118
153,11,12,2024-07-28,155
154,11,41,2024-05-21,127
155,11,41,2023-07-19,122
156,11,43,2023-11-26,103
157,11,34,2023-02-16,50
158,12,27,2023-05-27,54
159,12,38,2023-03-11,24
160,12,36,2024-08-03,140
161,12,36,2024-09-14,26
162,12,13,2024-05-02,51
163,12,3,2023-06-21,64
164,12,46,2024-02-21,103
165,12,46,2024-10-22,63
166,12,12,2024-03-09,20
167,12,31,2023-10-31,118
168,12,7,2023-07-29,87
169,12,39,2023-01-13,17
170,12,3,2023-08-14,94
171,13,19,2024-11-13,146
172,13,24,2024-02-04,135
173,13,4,2024-02-08,125
174,13,13,2024-02-06,47
175,13,16,2023-09-01,61
176,13,7,2024-04-29,96
177,13,4,2023-02-22,142
178,13,45,2024-02-01,58
179,13,49,2023-12-29,60
180,13,30,2024-07-26,161
181,13,19,2024-01-06,94
182,13,32,2023-09-29,66
183,13,28,2023-11-02,149
184,13,48,2023-09-20,56
185,13,26,2023-05-16,71
186,14,23,2024-01-30,8
187,14,5,2023-12-03,22
188,14,4,2024-06-13,73
189,14,11,2023-02-03,43
190,14,13,2024-07-28,138
191,14,13,2023-06-07,51
192,14,48,2024-07-01,20
193,14,24,2024-02-14,145
194,14,24,2024-08-27,142
195,14,34,2024-04-23,145
196,14,7,2023-03-04,75
197,14,49,2023-03-17,27
198,14,33,2023-03-19,41
199,14,33,2023-12-15,44
200,14,40,2024-02-11,138
201,15,24,2024-05-10,64
202,15,5,2024-04-08,50
203,15,32,2023-09-28,53
204,15,31,2023-11-09,131
205,15,46,2023-11-24,110
206,15,18,2024-11-04,33
207,15,13,2024-03-19,52
208,15,24,2024-05-27,106
209,15,41,2023-08-23,150
210,15,10,2024-01-10,120
211,15,30,2024-05-30,156
212,15,34,2024-08-07,47
213,15,22,2024-01-16,176
214,15,10,2023-07-20,135
215,15,43,2023-08-06,23
216,15,3,2024-06-12,134
217,15,8,2023-02-05,167
218,15,46,2024-10-23,15
219,15,35,2024-08-31,102
220,15,46,2023-11-21,176
221,16,40,2024-06-06,101
222,16,9,2024-03-28,180
223,16,46,2024-04-04,45
224,16,7,2023-06-23,123
225,16,48,2023-05-29,115
226,16,16,2023-08-10,179
227,16,34,2023-05-26,20
228,16,45,2024-02-21,30
229,16,22,2024-11-21,125
230,16,43,2023-12-20,58
231,16,26,2023-04-18,80
232,16,7,2024-09-27,169
233,16,10,2023-02-19,142
234,16,35,2024-06-03,137
235,16,3,2024-11-26,158
236,16,21,2024-06-08,70
237,16,27,2024-03-19,122
238,16,21,2023-09-22,127
239,16,28,2024-03-11,19
240,16,35,2023-05-16,142
241,17,4,2024-04-06,23
242,17,31,2024-06-04,115
243,17,20,2023-01-23,170
244,17,48,2023-07-15,64
245,17,49,2023-12-10,91
246,18,25,2023-03-11,151
247,18,3,2024-05-14,165
248,18,15,2023-01-27,178
249,18,25,2024-08-23,166
250,18,39,2024-01-06,31
251,18,36,2023-05-03,11
252,19,28,2023-05-07,136
253,19,13,2024-02-21,118
254,19,4,2023-05-09,122
255,19,45,2023-08-27,15
256,19,46,2024-05-20,47
257,19,14,2023-04-17,61
258,19,18,2024-03-03,36
259,19,13,2023-03-05,60
260,19,4,2023-01-10,90
261,19,35,2024-09-16,44
262,19,9,2024-09-29,162
263,19,16,2023-08-18,15
264,20,20,2024-06-12,17
265,20,44,2024-04-15,163
266,20,5,2024-08-31,85
267,20,2,2024-09-30,124
268,20,20,2023-07-19,9
269,20,10,2024-09-01,160
270,20,41,2023-02-26,65
271,20,48,2023-05-19,131
272,21,22,2023-09-18,45
273,21,15,2023-11-22,26
274,21,48,2024-06-26,102
275,21,14,2024-09-25,82
276,21,20,2024-10-04,43
277,21,1,2023-12-04,171
278,22,20,2023-04-27,68
279,22,34,2023-12-31,108
280,22,25,2023-03-31,19
281,22,42,2024-04-14,25
282,22,5,2024-06-09,50
283,23,50,2024-05-22,109
284,23,40,2024-11-07,125
285,23,42,2024-08-05,127
286,23,12,2024-04-08,39
287,23,16,2023-03-20,80
288,23,25,2023-11-16,127
289,23,36,2023-07-04,98
290,23,45,2024-01-26,62
291,23,26,2023-08-23,68
292,23,23,2024-05-16,108
293,23,20,2024-01-02,116
294,23,13,2024-06-29,144
295,23,8,2023-06-12,74
296,23,24,2024-08-11,33
297,23,10,2023-08-27,23
298,23,33,2024-04-01,65
299,24,44,2024-11-04,150
300,24,3,2023-10-17,78
301,24,14,2024-10-06,115
302,24,49,2023-03-22,117
303,24,25,2024-05-26,54
304,24,6,2023-06-02,83
305,25,34,2023-09-26,107
306,25,7,2023-03-28,51
307,25,34,2024-06-20,7
308,25,11,2023-02-26,15
309,25,27,2023-04-19,128
310,25,17,2024-01-23,137
311,25,15,2024-07-30,135
312,26,37,2024-02-29,179
313,26,15,2023-05-19,134
314,26,26,2023-06-22,21
315,26,20,2023-06-07,20
316,26,18,2023-01-14,32
317,26,41,2024-02-24,43
318,26,31,2024-05-25,69
319,26,19,2023-03-25,48
320,26,16,2023-04-03,135
321,26,46,2024-09-21,90
322,26,32,2024-10-03,33
323,26,13,2024-02-08,125
324,26,41,2024-01-18,115
325,26,10,2024-04-03,56
326,26,46,2024-07-20,49
327,26,35,2024-08-10,43
328,26,1,2023-02-19,122
329,27,40,2024-09-14,150
330,27,3,2023-01-21,81
331,27,46,2023-12-03,31
332,27,8,2023-09-14,106
333,27,42,2023-09-06,83
334,27,28,2024-08-27,124
335,27,32,2023-06-10,97
336,28,40,2024-10-01,124
337,28,18,2023-02-01,52
338,28,11,2024-01-10,122
339,28,46,2023-12-25,166
340,28,43,2024-10-11,15
341,28,15,2023-10-16,126
342,28,33,2023-03-11,85
343,28,13,2023-03-17,80
344,28,44,2023-10-07,127
345,28,32,2024-03-21,44
346,28,37,2024-04-16,32
347,28,28,2023-12-30,112
348,28,43,2023-07-01,126
349,28,36,2023-07-20,131
350,28,18,2023-11-15,86
351,28,41,2024-01-28,78
352,28,49,2023-07-02,25
353,28,33,2023-11-07,71
354,28,47,2024-04-13,65
355,28,28,2024-02-15,130
356,29,29,2023-12-09,111
357,29,18,2023-12-06,54
358,29,50,2023-10-06,165
359,29,26,2023-08-31,68
360,29,42,2024-01-10,67
361,29,22,2024-01-14,175
362,29,46,2023-06-25,143
363,30,1,2023-01-10,59
364,30,47,2023-02-20,28
365,30,43,2024-10-24,158
366,30,31,2023-05-19,173
367,30,20,2023-05-11,144
368,30,44,2023-09-25,151
369,30,29,2024-03-02,93
370,30,27,2024-07-04,135
371,31,31,2023-10-20,130
372,31,37,2024-01-28,34
373,31,33,2024-02-24,67
374,31,13,2024-03-17,135
375,31,34,2024-10-30,146
376,31,35,2023-05-07,85
377,31,50,2023-06-14,156
378,31,32,2023-11-12,102
379,31,39,2023-02-06,178
380,31,46,2023-02-01,34
381,31,35,2024-09-10,21
382,31,45,2024-10-10,99
383,31,35,2023-05-10,152
384,31,39,2024-01-09,73
385,31,48,2023-08-18,105
386,31,6,2023-08-21,109
387,31,30,2023-04-18,165
388,31,5,2023-07-10,131
389,32,42,2023-10-11,167
390,32,7,2023-11-08,7
391,32,5,2024-08-30,74
392,32,8,2024-02-20,9
393,32,17,2024-02-09,15
394,32,24,2023-07-05,159
395,32,12,2023-09-22,64
396,32,28,2024-01-20,56
397,32,40,2024-03-07,50
398,32,43,2024-07-12,64
399,33,7,2023-01-21,18
400,33,13,2023-11-01,149
401,33,23,2023-04-15,104
402,33,6,2024-10-03,144
403,33,45,2023-05-27,108
404,33,18,2024-07-13,37
405,33,44,2024-03-02,179
406,33,37,2024-01-04,77
407,33,28,2023-10-14,58
408,33,29,2023-12-12,84
409,33,49,2024-07-03,128
410,33,24,2023-08-15,136
411,33,15,2024-05-16,144
412,33,21,2023-02-12,89
413,33,26,2024-05-27,72
414,33,33,2024-08-13,142
415,33,5,2024-04-02,102
416,33,8,2023-12-04,56
417,34,44,2023-08-27,117
418,34,31,2024-09-23,33
419,34,26,2024-11-07,31
420,34,35,2023-12-11,73
421,34,7,2023-03-13,69
422,34,24,2024-08-01,138
423,34,48,2024-07-29,158
424,34,21,2024-04-26,132
425,34,37,2023-11-20,57
426,34,21,2023-03-08,169
427,34,28,2023-09-16,161
428,34,27,2023-03-28,26
429,34,27,2024-03-22,141
430,34,16,2023-08-08,35
431,34,10,2024-03-14,77
432,34,22,2023-09-06,75
433,34,50,2023-02-22,139
434,34,11,2023-06-26,61
435,35,22,2023-05-19,39
436,35,47,2024-09-27,77
437,35,32,2024-03-07,147
438,35,37,2024-07-19,77
439,35,47,2024-06-02,37
440,35,13,2023-08-20,54
441,35,42,2024-03-03,131
442,35,41,2024-09-09,13
443,35,6,2024-01-24,100
444,35,12,2024-06-02,134
445,35,13,2023-05-26,69
446,35,48,2024-05-30,17
447,35,24,2023-02-19,38
448,35,45,2024-11-01,120
449,36,1,2023-08-08,88
450,36,4,2023-08-29,153
451,36,49,2023-09-01,169
452,36,36,2024-08-22,163
453,36,8,2024-10-02,104
454,36,47,2024-08-23,136
455,36,13,2023-02-10,77
456,36,3,2023-04-07,114
457,36,26,2023-08-04,75
458,36,17,2023-08-08,154
459,36,10,2023-06-23,142
460,36,11,2024-01-08,71
461,37,47,2023-08-06,40
462,37,14,2023-04-20,73
463,37,6,2024-05-07,163
464,37,9,2023-10-15,138
465,37,10,2024-06-23,97
466,37,7,2024-02-26,140
467,37,29,2024-06-17,42
468,37,1,2023-01-26,89
469,38,17,2024-04-03,82
470,38,38,2023-01-20,110
471,38,35,2023-05-19,176
472,38,42,2024-08-28,30
473,38,34,2024-11-01,115
474,38,46,2023-08-13,72
475,38,50,2023-05-29,73
476,38,22,2023-10-27,104
477,38,48,2023-03-07,127
478,38,38,2023-11-11,45
479,38,22,2023-04-23,30
480,39,31,2024-01-21,172
481,39,11,2023-12-23,140
482,39,10,2024-11-03,60
483,39,20,2023-05-26,111
484,39,48,2024-06-11,139
485,39,31,2023-10-18,148
486,39,24,2023-03-21,50
487,39,15,2024-04-27,105
488,39,38,2024-10-28,27
489,39,45,2023-03-21,49
490,39,49,2024-07-08,27
491,39,11,2023-02-07,19
492,39,22,2024-02-26,51
493,39,9,2024-08-01,109
494,39,44,2024-09-22,138
495,39,31,2024-01-01,143
496,39,24,2024-11-22,162
497,39,41,2024-02-05,179
498,39,14,2023-03-23,151
499,40,20,2023-08-23,69
500,40,6,2023-04-12,63
501,40,28,2023-03-15,161
502,40,23,2024-07-17,11
503,40,7,2024-01-05,40
504,40,4,2024-01-19,75
505,40,35,2023-01-11,136
506,40,33,2023-07-21,173
507,40,19,2024-09-07,133
508,40,21,2024-09-02,67
509,40,49,2024-09-20,62
510,40,20,2023-02-25,143
511,40,37,2023-10-20,116
512,41,3,2023-11-27,110
513,41,44,2023-10-27,12
514,41,30,2024-03-14,105
515,41,41,2024-03-08,154
516,41,32,2024-03-31,30
517,41,48,2023-05-02,121
518,41,12,2023-03-03,117
519,41,14,2023-10-29,111
520,41,12,2023-02-19,45
521,41,6,2024-04-06,72
522,42,9,2024-02-27,149
523,42,18,2023-02-06,31
524,42,48,2024-09-22,84
525,42,18,2024-11-26,32
526,42,32,2023-02-01,94
527,42,44,2023-06-30,142
528,42,6,2023-08-13,130
529,42,16,2023-05-05,26
530,43,48,2024-04-24,34
531,43,42,2023-08-24,100
532,43,27,2023-10-31,138
533,43,45,2023-03-04,132
534,43,20,2023-09-10,18
535,43,19,2024-01-31,178
536,43,20,2023-02-10,174
537,43,33,2023-08-18,41
538,43,49,2023-07-06,36
539,43,43,2023-06-19,152
540,43,37,2023-06-12,55
541,43,17,2023-12-26,48
542,43,29,2024-04-20,90
543,43,38,2023-01-04,44
544,43,1,2024-02-10,88
545,43,16,2024-07-28,17
546,43,34,2023-03-20,142
547,44,37,2023-06-27,9
548,44,18,2024-09-09,167
549,44,41,2024-08-09,22
550,44,45,2023-02-02,64
551,44,22,2023-12-31,53
552,44,32,2024-03-15,58
553,44,8,2023-09-01,124
554,44,13,2024-05-18,40
555,45,11,2024-08-10,38
556,45,6,2023-02-14,72
557,45,19,2023-09-24,86
558,45,44,2024-07-02,91
559,45,41,2024-09-25,9
560,45,22,2024-03-12,133
561,46,8,2024-06-28,98
562,46,25,2024-10-23,100
563,46,25,2023-01-12,109
564,46,15,2024-07-19,169
565,46,17,2024-08-01,115
566,46,2,2024-01-12,104
567,46,41,2024-10-12,77
568,46,46,2023-09-30,105
569,46,44,2023-10-13,152
570,46,16,2023-02-22,170
571,46,34,2023-08-22,42
572,46,27,2023-07-24,105
573,46,22,2024-02-21,140
574,46,21,2024-03-14,175
575,46,47,2023-10-06,56
576,47,50,2024-07-11,120
577,47,46,2024-01-09,102
578,47,20,2023-06-23,18
579,47,30,2023-11-09,160
580,47,37,2023-10-06,37
581,47,14,2023-12-12,13
582,47,22,2023-04-16,103
583,47,26,2024-05-10,110
584,47,46,2023-06-20,19
585,47,11,2024-04-29,173
586,47,46,2023-06-07,129
587,48,11,2024-05-15,127
588,48,35,2024-06-23,149
589,48,37,2023-08-11,61
590,48,1,2024-08-23,108
591,48,38,2023-03-06,54
592,48,16,2023-01-21,81
593,49,20,2024-10-17,71
594,49,32,2023-02-22,94
595,49,20,2023-11-11,87
596,49,13,2023-01-12,108
597,49,13,2023-02-13,154
598,49,2,2023-07-01,150
599,49,14,2024-05-26,167
600,49,31,2024-02-28,65
601,49,9,2023-05-22,39
602,49,15,2024-04-18,133
603,49,9,2023-04-02,57
604,49,5,2023-08-04,10
605,50,45,2023-09-16,102
606,50,49,2024-11-07,31
607,50,37,2023-12-06,148
608,50,3,2024-08-04,28
609,50,8,2023-03-28,99
610,50,29,2024-04-10,11
611,50,26,2024-11-23,49
612,50,23,2024-07-01,32
613,50,25,2023-12-20,76
614,50,9,2024-11-29,38
615,50,21,2024-02-12,61
616,50,25,2023-11-22,47
617,50,4,2024-02-16,113
618,50,24,2024-09-05,171
619,50,29,2024-05-18,106
620,50,11,2023-12-06,169
621,50,24,2024-05-04,56
622,50,10,2024-02-01,169
623,50,26,2024-10-29,47
624,51,4,2023-05-30,57
625,51,17,2023-03-12,28
626,51,40,2023-10-02,38
627,51,18,2024-09-22,66
628,51,22,2023-09-08,98
629,52,50,2024-09-25,167
630,52,47,2024-08-22,140
631,52,44,2023-10-16,131
632,52,32,2023-07-08,96
633,52,30,2024-02-04,81
634,52,36,2023-12-29,12
635,52,17,2023-04-23,84
636,52,6,2024-03-30,155
637,52,11,2024-10-10,135
638,52,14,2024-01-13,77
639,52,22,2023-04-29,74
640,52,8,2024-08-07,178
641,53,45,2023-05-23,82
642,53,34,2023-11-03,49
643,53,5,2024-05-03,75
644,53,15,2023-01-28,66
645,53,44,2024-11-13,118
646,53,16,2024-07-29,10
647,53,12,2023-06-20,100
648,53,10,2024-11-05,153
649,53,7,2023-01-19,83
650,54,48,2024-02-01,173
651,54,39,2024-07-30,39
652,54,14,2024-02-10,144
653,54,17,2023-04-07,174
654,54,46,2023-06-30,178
655,54,14,2023-09-15,15
656,54,20,2023-06-11,27
657,54,30,2023-02-27,132
658,54,40,2024-11-09,90
659,54,27,2023-06-01,172
660,54,25,2024-05-27,96
661,54,5,2024-06-21,52
662,54,25,2023-05-17,69
663,54,44,2023-10-21,119
664,54,44,2024-01-13,53
665,55,30,2023-05-25,100
666,55,10,2024-10-25,74
667,55,50,2024-05-17,88
668,55,33,2023-12-25,179
669,55,29,2023-01-23,45
670,55,9,2024-01-18,150
671,55,45,2024-10-15,127
672,55,4,2023-09-05,112
673,55,7,2023-03-31,180
674,56,1,2024-06-27,24
675,56,22,2024-07-23,61
676,56,1,2024-05-26,167
677,56,12,2023-01-17,101
678,56,48,2024-06-14,79
679,56,18,2023-12-07,177
680,56,37,2023-09-01,53
681,56,44,2023-03-28,18
682,56,24,2023-07-16,31
683,56,23,2023-12-23,33
684,56,45,2024-10-23,114
685,56,50,2023-06-27,157
686,56,29,2023-01-10,6
687,56,5,2024-04-29,20
688,56,49,2023-12-04,127
689,56,43,2024-07-13,96
690,57,23,2023-08-15,27
691,57,31,2023-12-19,5
692,57,24,2023-06-07,57
693,57,29,2024-02-01,75
694,57,6,2024-10-17,68
695,57,13,2024-10-05,91
696,57,10,2024-06-14,21
697,57,7,2023-05-02,17
698,57,6,2023-11-02,125
699,57,19,2024-11-09,119
700,57,10,2024-09-22,74
701,57,35,2023-01-22,132
702,57,39,2023-01-19,12
703,57,38,2024-07-25,105
704,57,14,2023-10-10,64
705,57,17,2024-03-13,87
706,57,47,2024-01-13,32
707,58,46,2023-09-11,18
708,58,32,2023-05-03,74
709,58,1,2023-09-21,85
710,58,36,2023-03-06,12
711,58,39,2023-02-25,121
712,58,32,2023-02-01,16
713,58,19,2024-03-09,26
714,58,35,2023-02-27,56
715,58,39,2024-10-20,97
716,58,20,2023-08-28,30
717,58,18,2024-06-19,175
718,58,41,2023-03-15,78
719,58,34,2023-08-28,111
720,58,15,2024-09-04,137
721,58,47,2023-01-27,170
722,58,22,2023-06-05,118
723,58,46,2023-03-27,110
724,58,24,2024-05-26,12
725,58,27,2023-09-14,97
726,58,39,2023-04-16,116
727,59,18,2024-05-01,5
728,59,2,2023-07-05,6
729,59,21,2024-06-10,24
730,59,6,2024-11-02,92
731,59,37,2024-10-01,90
732,60,31,2023-05-16,88
733,60,41,2024-05-24,139
734,60,1,2023-02-24,38
735,60,45,2023-11-27,176
736,60,13,2023-12-28,151
737,60,42,2023-09-24,142
738,60,33,2024-08-16,141
739,61,21,2024-11-22,26
740,61,22,2023-12-30,53
741,61,31,2023-08-04,45
742,61,49,2024-10-24,99
743,61,39,2023-03-26,106
744,61,25,2024-01-20,134
745,61,11,2023-09-22,158
746,61,18,2024-02-05,157
747,61,12,2023-04-28,59
748,61,35,2023-03-01,163
749,61,20,2023-07-18,119
750,62,45,2023-09-03,48
751,62,14,2024-11-03,147
752,62,22,2024-03-12,127
753,62,24,2023-07-25,128
754,62,46,2024-09-11,50
755,62,1,2023-10-30,79
756,62,10,2023-05-23,5
757,63,44,2024-03-07,42
758,63,46,2023-03-01,118
759,63,16,2024-09-23,142
760,63,42,2023-08-28,38
761,63,28,2023-06-14,51
762,63,21,2023-07-06,15
763,63,45,2024-04-16,19
764,64,21,2023-01-06,83
765,64,8,2024-03-22,146
766,64,22,2024-06-22,66
767,64,40,2023-01-12,6
768,64,44,2023-05-30,20
769,64,33,2024-04-05,97
770,64,26,2023-04-04,180
771,64,26,2024-04-30,155
772,64,19,2024-11-26,29
773,64,33,2023-04-07,150
774,64,19,2023-10-05,115
775,64,44,2023-09-12,5
776,65,9,2023-02-06,130
777,65,11,2023-02-26,173
778,65,33,2024-09-03,42
779,65,43,2023-11-04,59
780,65,46,2023-06-26,60
781,65,32,2024-11-25,131
782,65,20,2023-09-24,29
783,65,41,2023-04-17,144
784,65,1,2024-10-31,52
785,65,28,2024-09-25,101
786,65,34,2024-07-05,73
787,66,17,2024-11-13,68
788,66,26,2023-11-03,90
789,66,43,2024-05-25,144
790,66,20,2023-05-31,44
791,66,23,2023-07-31,20
792,66,14,2023-12-21,176
793,66,49,2024-10-12,14
794,66,24,2024-06-30,81
795,66,15,2023-08-15,17
796,66,13,2024-08-24,140
797,66,20,2023-05-24,8
798,66,40,2023-05-22,40
799,66,6,2023-07-14,13
800,66,37,2024-04-05,29
801,66,5,2023-03-22,165
802,66,30,2023-10-17,21
803,66,31,2023-08-17,127
804,66,23,2024-10-13,69
805,66,47,2023-11-02,96
806,66,11,2023-03-19,170
807,67,37,2024-01-21,63
808,67,32,2024-10-13,152
809,67,4,2023-10-25,101
810,67,24,2024-06-22,104
811,67,1,2023-12-02,66
812,67,21,2024-05-04,157
813,67,18,2023-01-19,154
814,67,14,2023-04-14,173
815,67,21,2023-09-27,112
816,67,1,2024-01-05,69
817,68,24,2023-07-26,126
818,68,24,2024-08-11,38
819,68,11,2024-09-30,142
820,68,26,2023-03-22,41
821,68,9,2024-02-17,129
822,68,35,2024-03-12,13
823,68,49,2023-06-22,99
824,68,1,2023-02-03,127
825,68,48,2024-03-04,96
826,68,47,2023-12-04,91
827,68,8,2023-06-21,93
828,68,34,2024-03-12,115
829,69,45,2023-05-19,22
830,69,49,2023-01-16,115
831,69,35,2023-04-18,131
832,69,20,2024-11-12,107
833,69,9,2024-11-25,124
834,69,18,2024-04-19,56
835,69,33,2023-12-30,100
836,69,1,2024-08-05,105
837,69,28,2024-02-25,115
838,69,34,2024-11-03,106
839,69,28,2024-01-26,140
840,69,15,2023-11-11,27
841,69,23,2024-08-18,30
842,69,25,2023-10-11,124
843,69,33,2023-09-22,159
844,69,34,2024-06-09,172
845,69,37,2024-02-02,41
846,70,9,2023-05-28,51
847,70,25,2023-12-05,153
848,70,28,2024-03-08,127
849,70,14,2023-01-15,150
850,70,7,2023-08-07,90
851,70,22,2024-08-06,129
852,70,25,2024-07-09,109
853,70,50,2023-12-17,179
854,70,39,2024-05-14,132
855,70,15,2024-10-05,97
856,71,48,2023-11-21,168
857,71,34,2024-08-03,64
858,71,36,2023-07-10,145
859,71,27,2023-01-15,160
860,71,17,2024-09-27,92
861,71,35,2023-10-02,85
862,71,28,2023-08-02,177
863,71,23,2024-01-10,149
864,71,23,2024-05-17,101
865,71,7,2024-06-15,165
866,71,2,2024-08-25,71
867,71,36,2023-12-20,103
868,71,42,2024-01-24,142
869,71,27,2024-06-23,65
870,71,45,2024-03-28,62
871,71,30,2023-07-24,131
872,71,14,2023-04-21,11
873,71,33,2023-12-02,140
874,72,38,2023-04-06,167
875,72,43,2023-06-20,21
876,72,43,2024-08-04,163
877,72,8,2023-04-22,31
878,72,41,2024-03-22,53
879,72,40,2023-09-23,99
880,72,30,2023-09-25,46
881,72,27,2023-11-25,33
882,73,5,2024-05-02,96
883,73,20,2023-12-02,113
884,73,21,2023-06-02,101
885,73,20,2023-09-09,20
886,73,21,2024-11-12,114
887,73,35,2024-04-25,144
888,73,7,2023-06-14,150
889,73,6,2024-01-02,72
890,73,28,2023-06-22,112
891,73,44,2023-10-02,120
892,73,48,2024-07-20,40
893,73,32,2024-07-25,80
894,73,19,2024-08-05,103
895,73,27,2023-12-08,126
896,74,11,2024-05-30,115
897,74,28,2023-11-23,98
898,74,7,2024-02-22,148
899,74,28,2024-09-25,18
900,74,35,2024-04-27,111
901,74,38,2023-01-22,143
902,74,9,2023-04-16,73
903,74,21,2024-05-01,133
904,74,50,2023-02-01,68
905,74,31,2023-06-15,46
906,74,47,2023-05-09,115
907,74,16,2024-11-06,136
908,74,29,2024-03-11,52
909,75,10,2023-11-18,90
910,75,40,2023-01-27,157
911,75,45,2023-04-25,17
912,75,13,2024-04-12,83
913,75,41,2024-07-01,161
914,75,20,2024-04-23,82
915,75,9,2024-09-24,170
916,75,43,2024-01-27,86
917,76,38,2023-10-25,42
918,76,1,2023-07-02,24
919,76,5,2023-03-08,106
920,76,18,2023-02-12,24
921,76,42,2023-09-25,81
922,76,46,2024-08-22,142
923,76,10,2023-01-18,113
924,76,46,2023-05-29,90
925,76,5,2023-01-07,81
926,76,36,2023-10-19,24
927,76,28,2024-05-13,20
928,76,14,2024-09-26,36
929,76,48,2024-01-10,77
930,77,9,2023-05-11,27
931,77,50,2024-02-05,79
932,77,23,2023-08-15,156
933,77,23,2024-08-10,23
934,77,20,2023-05-16,20
935,77,4,2023-02-15,13
936,77,22,2023-04-02,164
937,77,12,2024-03-25,139
938,77,31,2024-02-26,97
939,77,5,2023-09-02,150
940,77,5,2024-05-29,34
941,77,50,2024-02-21,28
942,78,23,2023-02-20,9
943,78,33,2024-10-05,27
944,78,3,2023-01-20,148
945,78,44,2023-03-10,177
946,78,38,2024-01-08,8
947,78,5,2024-06-28,107
948,78,31,2023-06-23,176
949,78,29,2024-08-13,73
950,78,22,2023-03-12,63
951,78,8,2023-08-15,116
952,78,40,2024-01-19,88
953,78,14,2024-01-25,12
954,78,9,2024-07-18,78
955,78,19,2024-01-16,135
956,78,43,2024-06-15,180
957,78,50,2023-04-20,165
958,78,9,2023-06-13,121
959,78,13,2023-12-20,70
960,79,9,2023-02-28,97
961,79,16,2024-05-18,27
962,79,32,2024-07-29,117
963,79,19,2023-08-26,138
964,79,9,2023-10-24,13
965,79,26,2024-11-25,166
966,79,18,2024-03-04,11
967,79,34,2024-01-01,32
968,79,35,2023-08-20,40
969,79,48,2024-01-24,169
970,79,11,2023-08-19,119
971,79,44,2024-03-24,108
972,79,35,2023-05-08,54
973,79,50,2024-07-14,78
974,79,33,2023-10-27,180
975,79,42,2023-08-16,85
976,79,23,2023-04-06,91
977,79,50,2023-07-13,151
978,80,10,2024-07-16,159
979,80,1,2023-05-28,137
980,80,23,2023-07-10,39
981,80,7,2023-02-18,92
982,80,19,2023-08-17,118
983,80,37,2024-07-15,128
984,80,14,2023-07-11,99
985,80,8,2024-01-01,165
986,80,30,2024-04-14,149
987,80,35,2024-08-12,123
988,80,37,2024-05-11,39
989,80,36,2023-06-03,173
990,81,29,2023-02-18,11
991,81,20,2024-09-17,64
992,81,34,2024-01-10,23
993,81,37,2023-05-03,34
994,81,27,2023-12-01,127
995,82,16,2024-04-11,163
996,82,10,2024-04-15,128
997,82,47,2024-11-10,108
998,82,25,2024-01-08,80
999,82,7,2023-02-15,22
1000,82,5,2023-02-09,6
1001,82,32,2023-01-19,104
1002,82,39,2024-04-13,35
1003,83,37,2023-10-31,39
1004,83,25,2023-08-09,92
1005,83,1,2024-02-04,119
1006,83,23,2024-02-04,152
1007,83,36,2023-09-04,95
1008,84,46,2024-08-31,63
1009,84,25,2024-03-03,74
1010,84,35,2024-01-31,38
1011,84,42,2023-02-12,170
1012,84,5,2023-03-13,137
1013,84,22,2024-11-04,104
1014,84,7,2023-04-13,46
1015,84,7,2023-05-19,92
1016,84,40,2024-02-12,71
1017,84,35,2024-04-08,75
1018,84,45,2024-07-20,130
1019,84,25,2024-01-28,118
1020,84,45,2024-01-17,53
1021,84,16,2023-06-17,120
1022,85,46,2024-01-07,143
1023,85,7,2023-06-26,69
1024,85,20,2024-05-06,13
1025,85,37,2023-03-04,167
1026,85,19,2024-03-24,162
1027,85,1,2024-07-09,12
1028,85,40,2024-10-19,15
1029,85,22,2024-08-09,17
1030,85,44,2023-09-03,122
1031,85,25,2024-08-14,65
1032,85,44,2024-02-17,46
1033,85,17,2024-01-24,136
1034,85,8,2023-03-26,60
1035,85,48,2023-03-26,138
1036,85,33,2024-05-31,138
1037,85,8,2023-07-22,126
1038,86,4,2024-02-09,130
1039,86,34,2024-10-02,137
1040,86,17,2024-06-03,55
1041,86,29,2024-03-18,108
1042,86,34,2023-07-14,64
1043,86,3,2023-06-16,126
1044,87,43,2023-04-05,49
1045,87,38,2023-02-28,156
1046,87,37,2023-07-12,69
1047,87,31,2023-11-27,159
1048,87,33,2023-08-13,75
1049,88,39,2023-09-05,95
1050,88,34,2023-02-28,22
1051,88,26,2024-02-25,63
1052,88,26,2023-05-26,63
1053,88,50,2024-08-10,107
1054,88,14,2024-07-09,35
1055,88,4,2024-08-08,141
1056,88,3,2023-07-09,160
1057,88,38,2024-07-03,127
1058,88,8,2023-12-30,92
1059,88,47,2024-01-02,13
1060,88,26,2024-02-14,26
1061,88,48,2023-11-16,127
1062,88,21,2024-01-06,15
1063,88,43,2024-08-31,24
1064,88,29,2023-06-07,29
1065,88,17,2024-03-15,174
1066,88,22,2023-04-13,92
1067,88,45,2024-10-31,74
1068,89,20,2023-04-16,124
1069,89,18,2023-07-14,48
1070,89,18,2024-08-25,39
1071,89,43,2023-06-30,173
1072,89,36,2024-08-23,80
1073,89,22,2024-01-26,57
1074,89,41,2024-05-31,92
1075,89,46,2023-04-12,90
1076,89,7,2024-05-29,179
1077,89,20,2024-07-07,54
1078,89,40,2023-03-26,37
1079,89,7,2023-05-22,102
1080,89,18,2023-07-27,179
1081,89,12,2024-08-30,25
1082,89,41,2023-12-15,65
1083,89,18,2023-03-12,87
1084,89,5,2023-10-30,14
1085,90,45,2023-10-17,138
1086,90,38,2024-06-04,86
1087,90,6,2024-01-26,145
1088,90,39,2024-02-05,49
1089,90,8,2024-05-09,125
1090,90,22,2024-11-09,86
1091,91,47,2024-09-06,21
1092,91,41,2023-08-16,77
1093,91,11,2024-02-29,45
1094,91,5,2023-03-18,77
1095,91,5,2023-01-10,121
1096,91,4,2023-06-27,168
1097,91,28,2023-08-05,162
1098,91,22,2023-01-29,44
1099,91,46,2023-06-10,120
1100,91,14,2023-10-05,91
1101,91,48,2023-07-09,72
1102,91,46,2023-09-25,38
1103,91,4,2024-06-12,123
1104,91,40,2024-01-18,5
1105,91,35,2024-11-18,164
1106,91,5,2024-06-03,57
1107,91,14,2023-01-27,68
1108,91,24,2024-09-11,145
1109,91,47,2024-02-07,172
1110,92,26,2023-09-08,169
1111,92,5,2024-04-04,11
1112,92,31,2024-11-26,165
1113,92,40,2023-09-22,94
1114,92,15,2024-11-21,112
1115,92,8,2023-08-20,103
1116,92,44,2023-06-20,133
1117,92,25,2024-11-02,154
1118,92,42,2024-05-24,177
1119,92,12,2024-03-11,112
1120,92,48,2023-05-04,166
1121,92,4,2023-01-16,159
1122,92,12,2024-01-25,122
1123,92,29,2024-08-31,124
1124,92,33,2023-12-15,106
1125,92,30,2023-10-05,76
1126,93,3,2023-08-19,13
1127,93,17,2023-05-26,73
1128,93,4,2023-11-15,180
1129,93,34,2024-10-20,113
1130,93,2,2024-07-02,103
1131,93,8,2023-06-30,128
1132,93,14,2023-03-30,73
1133,93,24,2023-08-28,23
1134,94,44,2024-10-19,75
1135,94,30,2024-10-31,23
1136,94,6,2023-01-17,68
1137,94,4,2023-03-28,133
1138,94,9,2023-02-24,16
1139,94,30,2024-01-06,159
1140,94,32,2023-01-18,136
1141,94,6,2023-08-18,23
1142,94,10,2024-02-10,38
1143,94,38,2024-04-26,36
1144,94,22,2023-11-05,15
1145,94,36,2023-09-05,166
1146,94,13,2023-11-28,17
1147,95,48,2023-04-27,80
1148,95,9,2023-03-18,117
1149,95,23,2023-11-17,162
1150,95,30,2024-08-19,16
1151,95,37,2023-02-26,146
1152,95,2,2024-06-25,147
1153,95,42,2023-04-30,161
1154,95,46,2023-03-15,94
1155,96,9,2024-02-08,36
1156,96,40,2023-07-25,53
1157,96,17,2024-06-16,79
1158,96,48,2023-09-15,127
1159,96,5,2024-05-06,41
1160,97,36,2024-09-28,133
1161,97,17,2023-12-03,93
1162,97,23,2024-09-13,27
1163,97,13,2024-03-17,97
1164,97,23,2023-07-04,65
1165,97,33,2024-01-05,153
1166,97,50,2023-01-06,82
1167,97,29,2024-11-05,143
1168,97,19,2024-06-13,119
1169,97,49,2024-07-07,128
1170,97,46,2023-05-05,119
1171,97,46,2024-11-25,165
1172,97,33,2023-03-25,19
1173,97,12,2024-05-20,52
1174,97,43,2024-11-21,41
1175,98,34,2024-10-28,180
1176,98,6,2023-05-05,160
1177,98,1,2024-07-26,12
1178,98,5,2024-02-07,87
1179,98,24,2023-04-09,55
1180,98,25,2023-09-15,28
1181,98,31,2023-11-29,137
1182,99,43,2023-08-30,117
1183,99,18,2024-08-17,30
1184,99,5,2024-10-31,141
1185,99,41,2023-12-08,59
1186,99,49,2024-07-26,111
1187,99,17,2023-01-21,102
1188,99,11,2023-04-28,93
1189,99,38,2024-08-30,29
1190,99,41,2023-08-14,7
1191,99,12,2024-01-13,106
1192,99,30,2024-06-16,41
1193,99,24,2024-05-27,74
1194,99,17,2023-02-19,48
1195,99,34,2023-04-16,50
1196,99,10,2023-09-19,21
1197,99,47,2024-01-21,106
1198,99,5,2024-01-31,21
1199,99,17,2023-09-24,92
1200,99,35,2024-05-05,24
1201,100,43,2023-05-23,106
1202,100,28,2023-10-13,180
1203,100,10,2024-03-08,160
1204,100,42,2024-07-28,28
1205,100,21,2024-03-11,133
1206,100,36,2023-05-19,112
1207,100,48,2023-07-01,43
1208,100,42,2024-09-17,55
1209,100,15,2023-01-23,174
1210,100,15,2023-08-29,128
1211,100,23,2024-02-19,99
1212,100,50,2024-01-25,117
1213,100,47,2024-05-12,12
1214,100,45,2023-03-31,65
1215,100,13,2023-10-14,83
1216,101,22,2023-09-16,165
1217,101,42,2024-06-12,49
1218,101,9,2023-12-02,93
1219,101,19,2023-01-15,96
1220,101,11,2023-04-01,83
1221,101,3,2024-11-13,11
1222,101,37,2023-07-29,176
1223,101,13,2024-04-18,57
1224,101,29,2023-06-24,57
1225,101,11,2024-09-11,89
1226,101,3,2023-10-31,97
1227,101,41,2023-03-30,74
1228,101,37,2024-03-15,122
1229,101,46,2023-05-05,129
1230,101,44,2024-01-27,119
1231,102,45,2023-12-17,10
1232,102,6,2024-09-21,118
1233,102,42,2023-04-12,165
1234,102,27,2023-01-09,44
1235,102,13,2023-11-02,36
1236,102,31,2023-05-03,154
1237,102,21,2024-04-06,169
1238,102,6,2023-11-14,123
1239,102,27,2024-10-05,86
1240,102,12,2023-07-03,16
1241,102,4,2023-04-08,164
1242,102,5,2023-05-10,132
1243,102,39,2024-01-07,144
1244,102,12,2023-01-16,20
1245,102,14,2023-03-29,22
1246,102,40,2024-08-13,47
1247,103,22,2024-07-28,119
1248,103,4,2023-02-01,43
1249,103,22,2024-09-10,57
1250,103,23,2024-08-20,75
1251,103,10,2023-11-21,25
1252,103,22,2023-09-08,35
1253,103,24,2024-04-15,176
1254,103,1,2024-10-27,95
1255,103,18,2023-07-10,143
1256,103,16,2024-01-17,117
1257,103,34,2024-09-20,23
1258,103,39,2023-12-01,32
1259,104,20,2024-11-17,9
1260,104,48,2024-07-15,164
1261,104,4,2023-12-02,163
1262,104,3,2024-11-19,37
1263,104,17,2024-11-21,114
1264,104,15,2024-03-17,97
1265,105,8,2023-06-25,73
1266,105,26,2024-07-31,46
1267,105,12,2024-04-05,157
1268,105,19,2023-03-09,76
1269,105,28,2023-07-15,98
1270,105,6,2024-01-29,66
1271,105,50,2024-05-18,81
1272,105,14,2023-10-12,122
1273,105,46,2024-01-28,105
1274,105,50,2024-01-19,72
1275,105,44,2023-05-31,79
1276,105,11,2023-06-01,32
1277,105,48,2024-08-14,42
1278,105,41,2023-06-30,5
1279,106,20,2023-03-20,132
1280,106,35,2024-05-14,36
1281,106,49,2024-03-23,63
1282,106,3,2024-09-30,169
1283,106,32,2024-03-13,45
1284,106,38,2023-10-27,56
1285,106,31,2024-05-12,153
1286,106,18,2023-12-27,123
1287,106,6,2023-03-26,34
1288,106,25,2023-02-13,81
1289,106,13,2023-12-07,119
1290,106,34,2024-10-03,104
1291,106,23,2023-07-05,34
1292,106,42,2023-05-17,179
1293,106,33,2024-01-09,148
1294,106,48,2024-09-29,15
1295,106,35,2023-06-26,136
1296,106,43,2023-06-09,96
1297,106,23,2023-01-17,122
1298,106,26,2023-04-03,92
1299,107,19,2023-07-02,35
1300,107,7,2023-12-06,37
1301,107,50,2023-11-02,19
1302,107,8,2023-11-18,128
1303,107,42,2024-06-27,51
1304,107,6,2024-06-27,163
1305,108,20,2023-01-31,124
1306,108,50,2023-12-23,59
1307,108,45,2023-05-20,71
1308,108,9,2023-10-02,45
1309,108,2,2024-08-17,155
1310,108,12,2023-09-17,154
1311,108,23,2023-11-12,144
1312,108,12,2024-03-28,75
1313,108,31,2024-10-08,123
1314,108,12,2024-06-24,75
1315,108,6,2024-07-21,155
1316,108,49,2024-10-07,172
1317,108,40,2023-08-14,178
1318,108,43,2023-08-26,75
1319,108,40,2024-03-10,163
1320,108,26,2024-07-26,24
1321,108,13,2024-04-04,149
1322,108,26,2023-09-05,140
1323,108,6,2024-05-18,13
1324,108,27,2023-11-07,105
1325,109,19,2023-04-29,85
1326,109,22,2024-06-22,161
1327,109,13,2024-03-02,25
1328,109,40,2024-11-10,156
1329,109,30,2023-09-06,70
1330,110,26,2024-01-14,141
1331,110,44,2023-06-03,168
1332,110,1,2024-07-06,125
1333,110,40,2024-07-07,7
1334,110,40,2024-07-04,144
1335,110,21,2023-08-31,152
1336,110,45,2024-03-26,86
1337,110,49,2023-05-12,87
1338,110,11,2023-06-05,47
1339,110,33,2023-12-21,137
1340,110,29,2023-01-09,37
1341,111,8,2023-08-23,160
1342,111,24,2024-09-17,112
1343,111,23,2023-09-24,52
1344,111,10,2023-03-09,168
1345,111,47,2023-02-23,100
1346,111,46,2024-05-27,118
1347,111,32,2023-08-29,16
1348,111,1,2024-06-04,124
1349,111,6,2023-04-05,50
1350,111,30,2024-07-02,179
1351,111,46,2023-06-05,152
1352,111,3,2023-01-12,103
1353,111,50,2023-02-07,120
1354,111,29,2023-07-03,121
1355,111,23,2023-04-12,179
1356,111,41,2023-03-17,71
1357,112,15,2023-01-11,64
1358,112,3,2023-04-03,62
1359,112,17,2024-08-18,76
1360,112,30,2024-06-16,16
1361,112,3,2024-07-12,114
1362,112,15,2023-02-18,120
1363,112,24,2024-03-04,38
1364,112,31,2023-08-12,5
1365,112,31,2024-10-01,159
1366,112,30,2024-02-24,70
1367,112,41,2024-09-15,93
1368,112,48,2023-08-06,65
1369,112,50,2023-09-17,40
1370,112,40,2023-08-03,101
1371,113,9,2024-01-17,155
1372,113,45,2023-03-09,82
1373,113,45,2023-10-18,65
1374,113,45,2023-09-27,5
1375,113,28,2023-05-14,65
1376,113,7,2023-06-04,161
1377,113,20,2023-09-22,95
1378,113,38,2024-06-04,94
1379,114,39,2023-07-05,109
1380,114,24,2024-08-16,125
1381,114,10,2024-04-20,26
1382,114,2,2023-11-12,57
1383,114,26,2024-03-27,21
1384,114,23,2023-12-20,65
1385,114,19,2024-03-09,136
1386,114,13,2023-12-05,86
1387,114,47,2023-08-30,155
1388,114,14,2024-08-20,29
1389,114,33,2024-09-08,113
1390,114,47,2023-12-10,72
1391,114,33,2024-08-14,169
1392,114,15,2024-08-15,175
1393,114,10,2023-04-01,42
1394,114,35,2023-05-20,138
1395,115,30,2023-02-01,8
1396,115,9,2024-09-22,93
1397,115,26,2023-11-27,76
1398,115,48,2024-02-07,140
1399,115,16,2024-02-07,35
1400,115,25,2024-04-02,136
1401,115,1,2023-08-03,57
1402,115,31,2023-08-08,180
1403,115,20,2023-08-08,178
1404,115,20,2023-03-15,162
1405,115,2,2023-03-09,119
1406,115,38,2024-07-10,80
1407,115,50,2023-06-12,45
1408,116,28,2024-07-26,78
1409,116,24,2024-02-12,21
1410,116,29,2024-07-09,140
1411,116,25,2023-03-04,116
1412,116,26,2023-12-31,160
1413,116,48,2024-01-01,22
1414,116,45,2023-06-10,64
1415,116,16,2024-01-31,129
1416,116,3,2024-02-01,157
1417,116,15,2023-08-05,39
1418,116,37,2023-04-12,100
1419,116,41,2024-10-31,73
1420,116,32,2023-10-20,52
1421,116,7,2024-11-06,50
1422,116,23,2023-01-22,155
1423,116,35,2024-01-22,96
1424,116,4,2023-01-23,139
1425,116,18,2024-11-25,119
1426,116,2,2024-01-17,142
1427,116,10,2023-04-13,21
1428,117,29,2024-07-06,27
1429,117,32,2024-09-03,33
1430,117,46,2024-02-26,121
1431,117,5,2024-03-21,7
1432,117,48,2023-10-28,101
1433,117,4,2023-06-10,14
1434,117,6,2023-11-13,162
1435,118,17,2023-02-17,171
1436,118,46,2024-11-10,17
1437,118,29,2023-05-26,94
1438,118,18,2024-08-25,38
1439,118,38,2024-03-24,121
1440,118,27,2023-01-07,74
1441,118,29,2023-09-11,30
1442,118,50,2023-11-05,144
1443,118,16,2023-03-31,87
1444,119,46,2024-04-14,140
1445,119,6,2023-07-23,26
1446,119,24,2023-10-02,110
1447,119,31,2023-01-02,54
1448,119,27,2024-08-23,165
1449,119,32,2023-09-02,7
1450,119,37,2024-05-15,122
1451,119,7,2023-08-04,28
1452,119,50,2023-04-08,96
1453,119,28,2023-05-15,45
1454,119,10,2023-10-23,153
1455,119,12,2024-06-09,109
1456,119,30,2024-06-20,42
1457,119,25,2024-10-24,162
1458,119,25,2024-09-24,180
1459,120,20,2023-04-04,6
1460,120,14,2024-04-01,23
1461,120,38,2023-07-31,69
1462,120,22,2023-09-18,54
1463,120,16,2023-03-08,105
1464,120,48,2023-04-07,158
1465,121,35,2024-01-06,104
1466,121,31,2023-03-16,77
1467,121,8,2023-07-07,161
1468,121,40,2023-07-08,15
1469,121,44,2024-09-30,50
1470,121,3,2023-12-27,162
1471,121,14,2024-08-18,78
1472,121,50,2023-05-15,15
1473,121,29,2023-03-31,77
1474,121,27,2023-11-17,100
1475,121,6,2024-02-09,21
1476,121,42,2023-12-22,75
1477,121,31,2023-01-29,108
1478,121,7,2023-01-03,12
1479,121,36,2024-03-13,167
1480,121,42,2024-05-18,77
1481,121,27,2023-05-15,71
1482,121,16,2023-05-01,55
1483,122,41,2023-12-09,81
1484,122,24,2024-11-22,84
1485,122,14,2024-10-10,27
1486,122,6,2023-03-09,53
1487,122,28,2023-10-04,178
1488,122,37,2024-06-02,90
1489,122,25,2024-08-05,172
1490,122,42,2023-04-09,164
1491,123,8,2024-11-27,165
1492,123,48,2024-10-05,7
1493,123,13,2024-06-05,17
1494,123,22,2024-01-18,42
1495,123,48,2023-07-04,90
1496,123,10,2024-11-22,133
1497,123,9,2024-04-07,71
1498,123,49,2024-06-26,148
1499,123,32,2023-03-15,46
1500,123,11,2023-06-19,80
1501,123,10,2024-06-07,23
1502,123,49,2023-02-08,6
1503,123,30,2023-07-27,97
1504,123,2,2024-10-21,44
1505,123,21,2024-06-11,107
1506,123,18,2023-08-11,41
1507,123,26,2023-12-01,71
1508,123,28,2023-12-24,69
1509,123,23,2024-06-11,118
1510,124,11,2023-10-28,120
1511,124,50,2023-09-14,122
1512,124,39,2023-12-13,144
1513,124,11,2023-09-07,121
1514,124,17,2023-12-08,12
1515,124,47,2024-10-16,27
1516,124,5,2024-03-22,42
1517,124,42,2024-03-07,179
1518,124,47,2023-12-22,111
1519,124,16,2024-08-10,34
1520,124,25,2023-06-23,117
1521,124,3,2024-10-26,18
1522,124,5,2024-07-01,126
1523,124,25,2023-07-23,11
1524,124,45,2024-05-14,166
1525,124,46,2024-02-24,41
1526,124,14,2023-09-10,172
1527,124,24,2024-09-20,100
1528,125,19,2023-09-17,7
1529,125,26,2024-07-06,35
1530,125,16,2023-03-05,71
1531,125,34,2023-12-15,62
1532,125,2,2023-01-11,166
1533,125,35,2023-05-26,55
1534,125,16,2024-02-06,92
1535,125,49,2023-08-11,33
1536,125,8,2024-10-03,105
1537,125,46,2024-09-19,92
1538,125,20,2023-02-27,177
1539,125,8,2023-04-27,11
1540,125,9,2024-04-01,162
1541,125,28,2023-09-09,135
1542,125,47,2024-03-15,42
1543,125,34,2023-01-04,124
1544,125,45,2023-04-02,92
1545,125,8,2023-04-10,107
1546,125,3,2024-06-16,96
1547,126,38,2024-03-30,5
1548,126,43,2024-10-01,143
1549,126,45,2023-03-23,59
1550,126,33,2024-04-20,120
1551,126,4,2023-03-05,117
1552,126,49,2024-06-05,42
1553,126,24,2023-10-29,124
1554,126,46,2023-07-15,161
1555,126,19,2024-03-25,152
1556,126,31,2023-05-21,9
1557,126,32,2024-09-27,52
1558,126,12,2024-04-05,21
1559,126,12,2024-09-30,115
1560,126,46,2024-02-06,90
1561,127,48,2023-08-06,126
1562,127,1,2023-06-23,154
1563,127,41,2023-05-02,12
1564,127,6,2023-05-02,125
1565,127,25,2023-03-03,170
1566,127,17,2024-02-21,91
1567,127,43,2023-02-25,118
1568,127,25,2024-08-25,148
1569,127,32,2023-10-13,167
1570,127,26,2023-02-14,69
1571,127,34,2024-01-14,60
1572,127,37,2023-07-24,63
1573,127,47,2023-07-30,41
1574,127,49,2024-10-14,172
1575,127,7,2024-07-24,127
1576,127,16,2024-07-14,69
1577,127,5,2024-02-15,38
1578,127,11,2023-01-06,137
1579,127,28,2024-10-02,97
1580,128,35,2024-03-26,46
1581,128,14,2024-03-01,110
1582,128,26,2024-10-06,93
1583,128,28,2023-06-22,45
1584,128,18,2023-07-22,150
1585,128,5,2024-08-30,50
1586,128,44,2023-10-12,12
1587,128,33,2024-09-28,97
1588,129,49,2024-10-09,18
1589,129,34,2023-01-11,6
1590,129,39,2023-11-29,173
1591,129,42,2024-08-07,180
1592,129,28,2024-03-30,69
1593,129,18,2023-05-29,169
1594,129,48,2024-11-17,52
1595,130,47,2023-09-02,165
1596,130,1,2023-03-22,71
1597,130,31,2024-01-12,180
1598,130,28,2024-11-27,98
1599,130,50,2023-04-05,17
1600,130,19,2023-09-07,54
1601,130,17,2023-12-06,6
1602,130,36,2024-05-20,165
1603,130,15,2024-02-13,16
1604,130,32,2024-09-08,112
1605,130,6,2023-01-16,13
1606,130,17,2023-02-24,9
1607,130,22,2023-05-26,78
1608,130,15,2023-03-17,119
1609,130,30,2023-05-27,37
1610,131,46,2024-09-07,70
1611,131,3,2024-01-15,108
1612,131,31,2024-07-16,83
1613,131,10,2024-01-09,16
1614,131,27,2023-07-01,167
1615,131,42,2024-09-20,143
1616,131,18,2024-10-21,96
1617,131,35,2023-06-13,7
1618,131,23,2024-04-13,10
1619,131,16,2024-01-03,167
1620,132,35,2024-03-06,76
1621,132,20,2024-05-24,48
1622,132,24,2024-09-08,132
1623,132,25,2024-03-30,42
1624,132,11,2023-04-07,163
1625,132,38,2024-01-10,32
1626,132,12,2023-07-17,17
1627,132,3,2024-04-18,49
1628,132,14,2024-04-20,143
1629,132,25,2023-06-29,128
1630,132,22,2024-02-06,149
1631,132,7,2023-02-13,159
1632,133,47,2023-06-30,58
1633,133,41,2024-08-07,91
1634,133,8,2023-09-09,100
1635,133,33,2023-04-24,53
1636,133,23,2023-02-01,17
1637,133,27,2024-03-23,156
1638,133,22,2023-01-17,93
1639,133,5,2023-05-19,76
1640,133,45,2024-02-22,112
1641,133,21,2023-11-18,28
1642,133,38,2023-03-19,173
1643,133,49,2024-10-21,76
1644,133,49,2023-01-28,60
1645,133,41,2024-11-09,29
1646,134,45,2023-07-25,179
1647,134,44,2023-09-23,98
1648,134,35,2024-04-02,129
1649,134,36,2024-06-07,52
1650,134,5,2023-12-15,127
1651,134,22,2024-06-27,6
1652,134,36,2024-05-03,59
1653,134,48,2024-04-14,70
1654,134,10,2023-06-23,90
1655,134,41,2023-05-10,145
1656,134,47,2024-03-06,165
1657,134,44,2024-04-17,111
1658,134,13,2024-09-29,134
1659,134,19,2023-09-14,88
1660,134,29,2023-05-23,131
1661,134,39,2024-11-21,108
1662,134,45,2023-08-06,6
1663,134,23,2023-11-16,95
1664,134,5,2023-08-27,43
1665,135,2,2023-09-07,5
1666,135,36,2024-06-25,135
1667,135,12,2023-10-21,41
1668,135,48,2024-02-22,130
1669,135,30,2024-08-26,18
1670,135,2,2024-07-25,62
1671,135,13,2024-10-22,126
1672,135,2,2023-05-21,14
1673,135,24,2023-10-09,144
1674,135,9,2023-03-15,141
1675,135,43,2023-07-27,12
1676,135,3,2024-07-10,37
1677,135,17,2024-03-26,42
1678,135,1,2023-02-25,92
1679,135,26,2024-12-01,153
1680,135,7,2024-06-23,140
1681,135,6,2024-06-05,35
1682,135,11,2023-11-03,55
1683,135,25,2024-11-13,16
1684,136,29,2023-04-07,180
1685,136,25,2024-09-28,5
1686,136,13,2024-11-29,73
1687,136,21,2023-03-25,54
1688,136,7,2024-09-23,180
1689,136,37,2024-11-08,137
1690,136,15,2023-11-12,152
1691,136,50,2023-08-16,138
1692,136,41,2024-04-16,54
1693,137,33,2023-07-10,76
1694,137,19,2023-02-21,48
1695,137,31,2023-06-17,178
1696,137,23,2023-07-01,144
1697,137,25,2024-09-25,10
1698,137,40,2024-03-19,43
1699,137,4,2024-08-26,166
1700,137,29,2023-01-02,72
1701,137,4,2023-11-26,119
1702,138,46,2024-09-05,101
1703,138,49,2023-12-13,99
1704,138,40,2023-08-31,140
1705,138,48,2024-09-06,38
1706,138,50,2023-10-19,137
1707,138,31,2023-04-18,99
1708,138,10,2024-07-19,93
1709,138,40,2024-09-12,48
1710,138,46,2023-02-12,123
1711,138,10,2023-09-29,122
1712,138,4,2023-08-01,20
1713,138,1,2023-03-25,28
1714,138,26,2023-12-02,150
1715,138,39,2024-02-10,110
1716,138,11,2024-06-19,48
1717,138,34,2023-04-22,60
1718,138,26,2023-05-16,156
1719,138,10,2024-02-25,78
1720,138,3,2024-07-02,38
1721,139,29,2024-07-06,75
1722,139,31,2023-06-11,85
1723,139,47,2023-01-17,9
1724,139,37,2023-04-03,84
1725,139,9,2023-09-12,34
1726,139,7,2023-07-08,73
1727,139,3,2023-11-18,80
1728,139,21,2024-10-05,50
1729,139,41,2024-05-28,122
1730,139,47,2024-01-19,75
1731,140,23,2024-11-04,103
1732,140,15,2023-12-10,75
1733,140,3,2024-04-17,53
1734,140,50,2023-02-18,27
1735,140,10,2024-06-06,35
1736,140,31,2024-07-27,148
1737,140,8,2023-06-25,173
1738,140,17,2023-10-02,175
1739,140,16,2023-01-04,134
1740,140,14,2024-07-16,164
1741,140,9,2023-08-16,67
1742,140,5,2024-07-03,126
1743,140,3,2023-07-18,119
1744,140,24,2024-07-05,117
1745,140,19,2023-01-03,101
1746,140,20,2024-11-18,26
1747,140,48,2023-07-10,156
1748,141,15,2024-05-15,89
1749,141,48,2023-10-24,166
1750,141,33,2023-01-26,102
1751,141,41,2024-04-19,50
1752,141,15,2024-04-02,111
1753,141,2,2023-02-15,13
1754,141,23,2023-07-28,15
1755,142,43,2023-03-19,153
1756,142,36,2024-06-10,139
1757,142,43,2023-08-28,35
1758,142,6,2024-03-25,112
1759,142,22,2024-04-14,8
1760,143,36,2023-05-03,80
1761,143,13,2023-04-28,180
1762,143,38,2023-01-16,143
1763,143,22,2024-05-16,125
1764,143,16,2023-12-28,32
1765,143,19,2023-12-02,45
1766,143,14,2023-12-12,84
1767,143,23,2024-02-29,77
1768,144,32,2024-08-31,17
1769,144,45,2023-04-03,40
1770,144,50,2023-09-10,83
1771,144,18,2024-10-06,172
1772,144,42,2023-02-01,128
1773,144,27,2023-08-12,120
1774,144,50,2024-07-14,39
1775,144,2,2024-08-02,36
1776,144,3,2024-04-03,123
1777,145,3,2023-06-29,126
1778,145,44,2024-02-29,155
1779,145,6,2023-03-01,117
1780,145,3,2024-05-20,32
1781,145,12,2024-05-10,128
1782,145,47,2023-11-04,156
1783,145,45,2024-06-07,93
1784,145,34,2023-09-27,47
1785,145,48,2024-07-08,154
1786,145,29,2024-03-31,115
1787,145,46,2023-08-05,172
1788,145,12,2023-09-21,170
1789,145,18,2023-01-19,153
1790,145,31,2023-03-20,52
1791,145,46,2023-04-17,65
1792,145,4,2024-05-10,50
1793,146,5,2024-04-27,30
1794,146,7,2024-04-20,9
1795,146,32,2024-07-26,57
1796,146,21,2023-05-05,39
1797,146,31,2023-12-19,24
1798,146,29,2023-02-09,145
1799,146,32,2023-10-06,40
1800,146,18,2024-01-09,60
1801,146,12,2023-05-21,84
1802,147,35,2023-01-08,126
1803,147,3,2024-05-28,122
1804,147,36,2023-01-25,176
1805,147,5,2023-09-10,47
1806,147,48,2024-06-14,20
1807,147,34,2024-01-25,61
1808,147,41,2023-10-20,85
1809,147,1,2023-05-03,81
1810,147,27,2024-08-04,144
1811,148,41,2023-07-10,7
1812,148,4,2023-03-14,30
1813,148,14,2024-05-15,176
1814,148,10,2024-06-30,46
1815,148,2,2024-11-03,141
1816,148,37,2023-12-23,144
1817,148,8,2024-03-13,112
1818,149,12,2023-02-01,173
1819,149,49,2023-11-11,140
1820,149,31,2024-08-14,38
1821,149,11,2023-10-20,37
1822,149,19,2023-09-18,48
1823,149,14,2024-05-26,146
1824,149,29,2023-11-29,86
1825,149,34,2024-02-20,170
1826,149,7,2023-03-31,124
1827,149,20,2024-05-04,134
1828,150,38,2024-10-29,123
1829,150,7,2023-07-28,66
1830,150,10,2023-02-12,60
1831,150,49,2024-03-02,51
1832,150,19,2023-03-05,42
1833,150,32,2024-06-22,174
1834,150,2,2024-03-19,168
1835,150,17,2023-08-19,154
1836,150,16,2024-09-12,176
1837,150,6,2023-01-02,173
1838,150,48,2024-11-11,136
1839,150,20,2023-04-30,12
1840,150,30,2023-08-29,156
1841,150,22,2023-10-11,94
1842,150,23,2024-05-10,105
1843,150,19,2024-07-09,78
1844,150,19,2024-08-28,166
1845,150,16,2023-11-25,22
1846,151,3,2023-04-02,14
1847,151,17,2024-10-13,87
1848,151,20,2023-11-26,26
1849,151,8,2023-09-30,86
1850,151,7,2023-04-06,154
1851,151,31,2024-03-19,38
1852,151,36,2023-06-06,124
1853,151,31,2023-12-01,23
1854,151,41,2023-11-23,91
1855,151,41,2024-04-22,158
1856,152,23,2024-02-16,68
1857,152,36,2024-09-17,28
1858,152,25,2023-11-26,74
1859,152,28,2024-04-13,162
1860,152,41,2023-03-14,36
1861,153,30,2023-01-25,78
1862,153,20,2023-03-19,17
1863,153,50,2023-12-02,32
1864,153,50,2024-05-06,179
1865,153,27,2023-08-05,136
1866,153,42,2024-10-02,60
1867,153,11,2024-02-01,5
1868,153,5,2024-08-30,164
1869,153,34,2023-07-11,70
1870,154,32,2023-05-04,20
1871,154,1,2023-05-12,38
1872,154,11,2023-12-20,96
1873,154,45,2023-03-12,142
1874,154,7,2024-01-11,71
1875,154,37,2024-03-14,18
1876,154,39,2023-06-28,140
1877,154,47,2023-09-13,158
1878,154,33,2023-03-14,29
1879,154,32,2024-07-30,92
1880,154,44,2023-12-06,105
1881,154,43,2023-03-10,90
1882,154,13,2024-02-13,143
1883,155,37,2023-11-09,36
1884,155,5,2024-11-27,164
1885,155,2,2024-01-16,150
1886,155,42,2023-07-16,87
1887,155,27,2024-07-04,162
1888,155,37,2023-07-12,19
1889,155,10,2023-05-08,161
1890,155,37,2023-09-25,61
1891,156,41,2023-11-15,9
1892,156,23,2024-01-09,120
1893,156,33,2024-11-25,62
1894,156,39,2023-02-06,42
1895,156,38,2023-09-19,146
1896,156,36,2024-09-21,166
1897,157,32,2024-01-26,84
1898,157,20,2023-10-06,84
1899,157,19,2024-07-07,71
1900,157,37,2023-02-10,6
1901,157,10,2024-10-01,104
1902,157,43,2024-06-29,88
1903,157,11,2023-05-17,45
1904,157,35,2024-07-01,42
1905,157,40,2024-03-05,118
1906,157,41,2024-11-11,161
1907,157,9,2024-09-06,160
1908,157,23,2023-02-17,105
1909,157,28,2023-11-22,166
1910,157,27,2023-12-26,156
1911,157,15,2024-08-21,78
1912,158,5,2023-04-06,82
1913,158,17,2023-02-13,78
1914,158,28,2024-09-01,52
1915,158,29,2023-09-23,66
1916,158,42,2023-02-27,166
1917,158,41,2023-05-24,161
1918,158,46,2023-03-04,95
1919,158,6,2023-02-05,173
1920,158,17,2023-12-13,105
1921,158,11,2024-06-11,131
1922,158,10,2023-07-01,82
1923,158,46,2023-06-03,110
1924,158,37,2024-10-06,33
1925,158,39,2023-11-21,95
1926,158,20,2024-07-05,104
1927,158,34,2023-08-21,114
1928,158,35,2024-04-01,138
1929,158,16,2024-08-31,56
1930,158,8,2023-07-07,69
1931,158,39,2024-06-11,71
1932,159,39,2024-01-26,17
1933,159,47,2023-02-18,66
1934,159,39,2024-09-15,103
1935,159,11,2024-03-29,103
1936,159,37,2024-04-10,138
1937,159,12,2024-05-25,104
1938,160,13,2023-04-01,160
1939,160,11,2023-09-29,82
1940,160,34,2023-09-15,126
1941,160,17,2024-01-15,130
1942,160,4,2023-05-06,93
1943,161,3,2023-05-17,18
1944,161,46,2024-05-30,19
1945,161,7,2024-08-15,77
1946,161,4,2024-05-20,156
1947,161,33,2023-04-15,97
1948,161,34,2024-11-07,180
1949,161,9,2023-06-18,90
1950,161,41,2024-01-07,45
1951,161,24,2024-09-20,105
1952,161,8,2023-11-04,91
1953,161,42,2023-02-27,149
1954,162,21,2024-03-01,10
1955,162,35,2024-08-04,144
1956,162,23,2024-04-04,21
1957,162,20,2023-05-03,25
1958,162,48,2023-10-17,46
1959,162,17,2023-04-01,54
1960,162,31,2024-11-25,43
1961,162,31,2024-01-14,169
1962,162,50,2023-07-24,172
1963,162,46,2023-02-11,163
1964,162,36,2023-06-09,58
1965,162,16,2024-06-21,161
1966,162,33,2024-02-25,47
1967,162,48,2023-05-17,73
1968,162,44,2023-12-31,79
1969,162,29,2024-03-27,179
1970,162,35,2023-02-23,177
1971,162,18,2024-05-14,178
1972,163,44,2023-08-26,7
1973,163,28,2024-08-01,105
1974,163,48,2023-06-10,87
1975,163,20,2024-07-16,168
1976,163,29,2023-07-17,98
1977,164,24,2023-10-11,171
1978,164,2,2023-08-10,114
1979,164,17,2023-12-15,89
1980,164,38,2023-11-27,80
1981,164,43,2023-09-06,141
1982,164,45,2023-10-09,135
1983,164,50,2023-07-15,74
1984,164,18,2023-12-21,135
1985,164,22,2024-04-02,35
1986,164,49,2024-11-27,66
1987,164,19,2023-01-05,155
1988,164,8,2024-06-06,41
1989,164,26,2024-10-23,137
1990,164,11,2024-05-01,105
1991,164,45,2023-06-08,160
1992,165,20,2024-06-20,5
1993,165,43,2023-10-27,28
1994,165,33,2023-01-04,46
1995,165,42,2023-11-20,52
1996,165,5,2023-10-10,117
1997,165,22,2024-08-01,107
1998,165,7,2024-10-16,53
1999,165,8,2023-05-15,148
2000,165,35,2024-04-30,159
2001,166,9,2023-12-06,130
2002,166,35,2023-06-02,58
2003,166,48,2023-07-28,108
2004,166,23,2024-08-22,57
2005,166,18,2024-07-12,91
2006,166,14,2024-08-23,74
2007,166,7,2023-05-11,12
2008,166,35,2024-10-23,144
2009,166,34,2024-04-06,180
2010,166,33,2024-10-06,88
2011,166,23,2023-06-23,14
2012,166,7,2023-02-23,77
2013,166,35,2023-03-03,162
2014,166,33,2024-02-27,111
2015,166,21,2023-04-14,112
2016,166,45,2024-06-07,159
2017,166,17,2024-05-23,23
2018,166,43,2023-04-11,72
2019,166,17,2023-09-11,84
2020,166,1,2023-09-06,23
2021,167,38,2024-02-27,10
2022,167,13,2024-03-27,9
2023,167,20,2024-03-05,19
2024,167,27,2024-10-18,166
2025,167,49,2023-09-18,157
2026,167,40,2023-02-19,59
2027,167,43,2023-01-23,144
2028,167,31,2024-09-18,84
2029,167,9,2023-07-11,38
2030,167,9,2024-01-18,62
2031,167,42,2024-05-09,73
2032,167,3,2023-06-24,129
2033,167,28,2024-05-08,32
2034,167,17,2023-03-25,51
2035,168,28,2024-11-19,16
2036,168,21,2023-09-23,39
2037,168,13,2024-11-16,125
2038,168,5,2023-09-22,46
2039,168,22,2024-08-01,145
2040,168,46,2024-10-14,79
2041,168,11,2024-01-04,129
2042,168,3,2023-05-18,104
2043,168,27,2023-05-28,102
2044,168,35,2023-08-19,171
2045,168,36,2023-06-02,40
2046,168,38,2023-06-22,71
2047,168,14,2023-04-13,176
2048,168,12,2023-01-09,72
2049,168,6,2024-08-14,164
2050,168,3,2023-03-11,171
2051,169,28,2023-06-16,131
2052,169,19,2024-08-01,56
2053,169,50,2024-09-24,33
2054,169,16,2023-11-07,63
2055,169,16,2024-07-28,178
2056,169,10,2023-10-20,5
2057,169,45,2024-09-20,8
2058,169,50,2023-05-26,44
2059,169,6,2024-01-14,33
2060,169,43,2023-06-25,91
2061,169,39,2023-02-07,119
2062,169,49,2024-04-17,174
2063,169,36,2023-12-03,89
2064,170,45,2023-05-07,176
2065,170,8,2024-04-26,49
2066,170,2,2024-01-04,150
2067,170,41,2023-08-28,93
2068,170,49,2024-03-11,163
2069,170,28,2023-04-12,172
2070,170,40,2024-04-08,142
2071,170,36,2024-05-18,164
2072,170,22,2023-09-13,30
2073,170,13,2024-07-12,140
2074,170,29,2024-10-19,66
2075,170,44,2024-07-29,148
2076,170,22,2023-10-12,140
2077,170,29,2024-09-13,60
2078,170,17,2024-01-17,150
2079,171,43,2023-04-04,18
2080,171,23,2023-04-16,173
2081,171,26,2023-11-01,160
2082,171,4,2024-03-18,101
2083,171,27,2023-11-04,47
2084,171,11,2024-09-25,161
2085,171,33,2024-06-09,88
2086,171,32,2024-05-16,43
2087,171,47,2023-07-11,14
2088,171,10,2024-03-27,60
2089,171,35,2024-09-19,47
2090,171,41,2023-12-23,109
2091,171,25,2024-06-21,94
2092,171,2,2023-11-26,13
2093,171,6,2023-11-24,157
2094,172,36,2024-01-31,39
2095,172,44,2024-05-18,25
2096,172,13,2023-03-25,122
2097,172,24,2024-05-24,19
2098,172,13,2024-08-09,80
2099,172,31,2023-01-14,72
2100,172,46,2023-03-31,33
2101,172,5,2023-03-04,176
2102,172,3,2023-12-24,99
2103,172,41,2023-07-28,84
2104,172,12,2024-03-11,20
2105,172,15,2024-02-14,136
2106,172,10,2023-06-17,167
2107,172,7,2024-06-13,73
2108,172,27,2024-03-20,41
2109,173,24,2023-05-03,162
2110,173,13,2023-04-28,21
2111,173,12,2023-08-19,72
2112,173,22,2024-07-14,129
2113,173,33,2023-11-25,16
2114,173,34,2023-08-06,36
2115,173,27,2023-06-23,87
2116,173,20,2024-09-15,52
2117,173,34,2023-09-20,5
2118,173,46,2024-08-22,27
2119,173,35,2023-12-02,174
2120,173,31,2023-09-02,121
2121,173,13,2024-01-09,168
2122,173,47,2024-04-15,107
2123,173,23,2023-02-19,169
2124,173,14,2023-03-21,129
2125,173,44,2023-12-16,122
2126,173,41,2024-06-30,26
2127,174,11,2023-04-16,63
2128,174,16,2023-07-30,164
2129,174,38,2023-05-23,20
2130,174,15,2024-08-13,101
2131,174,41,2024-11-01,135
2132,174,6,2024-03-14,24
2133,174,23,2024-04-25,174
2134,174,43,2023-09-25,38
2135,174,46,2024-01-11,29
2136,174,37,2023-10-08,151
2137,174,19,2024-11-20,33
2138,175,42,2024-10-21,116
2139,175,17,2024-07-03,81
2140,175,27,2023-01-03,116
2141,175,43,2024-06-23,164
2142,175,42,2023-02-27,44
2143,175,18,2023-08-03,130
2144,175,39,2023-01-25,131
2145,175,41,2023-08-22,174
2146,175,8,2024-03-15,83
2147,175,36,2024-03-07,170
2148,175,3,2023-09-27,42
2149,175,41,2023-12-11,48
2150,175,40,2023-08-14,108
2151,175,19,2023-09-15,128
2152,175,31,2023-07-01,41
2153,175,38,2024-08-19,106
2154,175,12,2023-12-05,132
2155,176,6,2023-01-07,54
2156,176,42,2023-09-25,72
2157,176,34,2023-01-20,68
2158,176,40,2024-05-23,10
2159,176,14,2023-08-09,18
2160,176,31,2023-07-29,161
2161,177,41,2024-03-07,86
2162,177,39,2024-08-31,46
2163,177,4,2024-05-30,6
2164,177,44,2023-10-07,115
2165,177,20,2023-03-10,109
2166,177,27,2023-11-02,148
2167,177,43,2023-01-26,120
2168,177,7,2023-05-23,55
2169,177,25,2023-06-14,142
2170,177,16,2024-04-18,6
2171,177,11,2023-01-24,42
2172,177,33,2024-07-06,60
2173,177,36,2024-03-22,8
2174,177,43,2023-02-05,75
2175,177,33,2024-10-01,169
2176,177,9,2023-06-15,160
2177,177,3,2023-03-16,97
2178,177,35,2024-09-11,28
2179,177,8,2024-07-05,164
2180,178,31,2023-04-04,167
2181,178,15,2023-09-24,68
2182,178,36,2023-10-30,82
2183,178,21,2024-10-27,168
2184,178,15,2024-03-05,63
2185,178,10,2023-02-08,128
2186,178,16,2023-05-28,150
2187,178,1,2024-10-13,142
2188,178,45,2024-08-08,154
2189,178,3,2023-12-07,94
2190,178,26,2024-10-25,107
2191,178,14,2023-08-26,152
2192,178,31,2023-06-15,164
2193,178,39,2023-07-23,58
2194,178,17,2023-09-22,79
2195,179,27,2023-06-24,102
2196,179,12,2024-03-06,180
2197,179,48,2023-03-10,25
2198,179,1,2024-07-02,154
2199,179,9,2023-03-23,43
2200,179,26,2024-03-13,132
2201,179,23,2023-12-11,61
2202,179,36,2023-01-16,152
2203,179,11,2024-07-24,148
2204,180,5,2024-04-01,178
2205,180,23,2023-02-11,162
2206,180,43,2024-01-03,107
2207,180,31,2023-11-10,160
2208,180,21,2023-01-04,87
2209,180,48,2024-05-23,160
2210,180,31,2023-10-24,114
2211,180,33,2024-01-19,146
2212,180,7,2023-07-09,141
2213,180,29,2024-05-17,171
2214,180,6,2023-08-10,65
2215,180,33,2024-05-25,174
2216,180,10,2023-10-09,19
2217,180,40,2023-08-02,150
2218,180,27,2024-05-27,46
2219,180,5,2024-05-02,57
2220,180,27,2024-08-14,37
2221,181,7,2024-09-28,44
2222,181,4,2024-04-22,13
2223,181,32,2024-06-29,90
2224,181,2,2024-07-24,154
2225,181,9,2024-07-25,49
2226,182,33,2024-04-26,20
2227,182,24,2024-05-25,68
2228,182,1,2024-08-15,20
2229,182,21,2023-12-27,12
2230,182,13,2024-04-29,135
2231,182,48,2023-05-21,97
2232,182,22,2024-09-27,140
2233,182,46,2023-05-23,110
2234,182,23,2023-04-09,110
2235,182,9,2023-11-26,135
2236,182,34,2023-08-03,22
2237,183,19,2023-09-12,174
2238,183,25,2023-03-21,73
2239,183,26,2023-03-30,144
2240,183,32,2023-12-16,107
2241,183,48,2024-02-03,132
2242,183,41,2023-11-23,22
2243,183,28,2024-11-22,156
2244,183,7,2024-04-27,152
2245,183,16,2024-08-26,99
2246,183,33,2023-09-29,98
2247,183,5,2024-10-11,48
2248,183,41,2024-03-27,154
2249,183,24,2024-08-10,68
2250,183,44,2024-01-18,25
2251,183,47,2023-11-27,180
2252,183,39,2024-07-10,90
2253,183,45,2024-09-14,59
2254,183,49,2024-09-22,44
2255,183,37,2024-03-12,32
2256,183,9,2023-02-28,114
2257,184,14,2024-08-22,34
2258,184,4,2024-05-05,67
2259,184,5,2023-03-23,64
2260,184,6,2023-10-05,157
2261,184,49,2023-08-16,127
2262,184,30,2023-07-16,123
2263,184,49,2024-02-29,78
2264,184,39,2024-04-16,148
2265,184,29,2024-03-30,174
2266,184,30,2024-11-05,90
2267,185,1,2023-10-18,63
2268,185,14,2023-04-13,124
2269,185,35,2023-04-23,151
2270,185,16,2023-10-22,141
2271,185,16,2023-12-09,32
2272,185,3,2024-04-07,54
2273,185,3,2024-05-06,180
2274,185,4,2023-01-28,35
2275,185,15,2023-02-23,173
2276,185,42,2023-03-10,35
2277,186,35,2023-06-24,174
2278,186,27,2023-08-21,94
2279,186,15,2023-12-12,72
2280,186,32,2023-01-23,146
2281,186,21,2024-11-28,56
2282,186,24,2024-11-29,74
2283,186,1,2023-06-22,160
2284,186,19,2023-07-24,47
2285,186,19,2023-07-10,151
2286,186,21,2023-10-02,134
2287,186,48,2024-01-26,86
2288,186,43,2023-05-30,69
2289,186,9,2023-02-04,54
2290,186,41,2024-08-09,103
2291,186,15,2024-09-17,165
2292,186,8,2024-02-27,124
2293,186,44,2023-05-18,112
2294,186,38,2024-09-27,171
2295,186,16,2023-02-02,148
2296,186,30,2024-02-20,7
2297,187,1,2023-05-12,69
2298,187,44,2024-01-28,6
2299,187,36,2023-04-12,8
2300,187,24,2024-03-20,180
2301,187,23,2024-03-12,172
2302,188,31,2023-07-11,70
2303,188,31,2023-01-23,107
2304,188,19,2024-09-18,126
2305,188,34,2023-06-28,116
2306,188,19,2024-11-29,74
2307,188,50,2023-07-22,22
2308,189,36,2024-10-08,26
2309,189,21,2023-06-29,55
2310,189,23,2023-04-17,113
2311,189,14,2023-07-04,9
2312,189,38,2023-02-22,140
2313,189,5,2024-10-01,84
2314,189,6,2023-12-16,100
2315,189,35,2024-01-15,136
2316,189,48,2024-03-31,142
2317,190,29,2023-01-16,73
2318,190,13,2024-04-19,114
2319,190,43,2023-04-29,113
2320,190,18,2023-12-13,14
2321,190,30,2023-05-30,29
2322,190,6,2024-08-30,50
2323,190,20,2024-01-13,117
2324,190,44,2024-06-10,28
2325,190,5,2024-02-03,141
2326,190,20,2024-02-29,134
2327,190,26,2024-11-07,92
2328,190,32,2023-06-16,73
2329,190,38,2024-05-18,115
2330,190,24,2023-08-30,21
2331,190,12,2024-10-12,171
2332,190,2,2024-04-08,15
2333,190,7,2023-05-23,141
2334,190,2,2024-06-19,179
2335,190,41,2023-05-26,81
2336,190,25,2023-05-19,118
2337,191,2,2024-08-14,164
2338,191,34,2023-01-23,74
2339,191,47,2024-01-18,173
2340,191,18,2023-01-31,44
2341,191,32,2024-05-12,179
2342,192,17,2023-05-06,17
2343,192,9,2024-08-17,103
2344,192,2,2024-05-04,100
2345,192,38,2023-07-01,40
2346,192,11,2023-09-19,145
2347,192,4,2024-08-14,137
2348,192,48,2023-08-18,161
2349,192,40,2023-09-01,125
2350,192,28,2024-04-20,157
2351,192,22,2023-09-28,78
2352,192,38,2023-08-07,21
2353,193,45,2023-05-16,103
2354,193,44,2023-05-29,109
2355,193,48,2023-11-01,167
2356,193,48,2024-05-09,177
2357,193,25,2023-04-15,82
2358,193,33,2024-01-15,97
2359,193,31,2024-05-22,143
2360,193,44,2023-01-12,7
2361,193,11,2024-02-14,164
2362,193,28,2024-07-18,140
2363,193,43,2024-09-08,160
2364,193,47,2024-07-20,5
2365,193,21,2023-05-18,72
2366,193,17,2024-08-06,83
2367,193,46,2023-02-04,37
2368,194,45,2023-05-18,176
2369,194,41,2024-07-13,150
2370,194,20,2024-10-07,12
2371,194,7,2023-12-19,48
2372,194,5,2023-06-06,157
2373,194,8,2024-06-09,7
2374,194,4,2023-12-04,67
2375,194,18,2023-03-12,52
2376,194,12,2023-07-25,136
2377,194,11,2023-05-16,76
2378,194,35,2023-05-03,77
2379,194,29,2024-01-14,94
2380,194,37,2023-09-14,53
2381,194,43,2023-06-05,10
2382,194,26,2023-01-06,179
2383,195,17,2023-12-08,127
2384,195,27,2023-12-16,166
2385,195,26,2024-11-19,49
2386,195,43,2024-07-01,157
2387,195,50,2024-01-02,10
2388,195,16,2023-05-23,94
2389,195,37,2024-11-16,158
2390,195,1,2024-08-04,94
2391,195,44,2024-02-22,122
2392,195,9,2023-03-27,72
2393,195,14,2024-02-02,55
2394,195,5,2024-06-19,158
2395,196,3,2023-05-07,38
2396,196,50,2024-08-25,159
2397,196,33,2024-05-21,145
2398,196,44,2024-10-12,59
2399,196,27,2024-06-29,17
2400,196,23,2023-02-21,131
2401,196,40,2024-01-16,7
2402,196,30,2023-02-08,136
2403,196,39,2024-08-17,104
2404,196,29,2023-07-01,163
2405,196,10,2023-06-19,89
2406,196,44,2023-11-10,90
2407,196,43,2024-07-24,174
2408,196,31,2024-07-02,168
2409,197,5,2024-11-15,162
2410,197,27,2024-11-17,161
2411,197,24,2023-10-16,126
2412,197,7,2023-06-30,161
2413,197,25,2023-07-20,22
2414,197,25,2024-04-23,7
2415,198,47,2024-11-14,49
2416,198,1,2023-11-16,177
2417,198,34,2024-05-12,178
2418,198,9,2024-09-10,168
2419,198,39,2024-04-18,157
2420,198,41,2023-12-18,155
2421,198,35,2023-06-06,174
2422,198,23,2024-09-30,107
2423,198,45,2024-04-24,39
2424,199,21,2023-09-16,57
2425,199,49,2024-08-30,104
2426,199,19,2024-07-06,124
2427,199,11,2024-01-23,69
2428,199,4,2023-10-06,82
2429,199,36,2023-09-02,6
2430,199,12,2023-09-08,124
2431,199,34,2024-03-15,74
2432,199,5,2024-07-20,59
2433,199,7,2023-09-16,83
2434,199,14,2024-03-29,46
2435,199,33,2023-05-10,43
2436,199,4,2023-09-18,168
2437,199,48,2023-10-27,157
2438,199,44,2023-05-12,154
2439,199,35,2023-01-08,12
2440,199,6,2023-06-24,147
2441,200,7,2023-06-10,101
2442,200,28,2024-01-13,113
2443,200,41,2024-11-24,138
2444,200,30,2023-12-10,66
2445,200,5,2024-09-04,96
2446,200,5,2023-08-20,176
2447,200,31,2023-02-06,119
2448,200,49,2024-02-13,54
2449,200,43,2023-06-17,95
2450,200,13,2023-10-06,26
2451,200,35,2023-03-13,173
2452,200,14,2024-03-21,15
2453,200,31,2024-10-28,81
2454,200,7,2023-12-07,121
2455,200,44,2023-12-04,68
2456,200,27,2023-09-05,9
2457,200,28,2024-01-17,96
2458,200,31,2024-07-19,23
2459,200,40,2023-08-03,176
